INSERT INTO capsdata.administrator(admin_id,email,first_Name,last_Name,password_Hash,role,user_Status,username) VALUES (default,'admin@sa54team4.com','Aung','Nyi Khaing',0x86a189d10eef4001be5281b0048ccad70c7aa9354abf565cfd297280fdc9910c,'ADMIN','ACTIVE','capsank');
INSERT INTO capsdata.administrator(admin_id,email,first_Name,last_Name,password_Hash,role,user_Status,username) VALUES (default,'admin@sa54team4.com','Qier','Chu',0x65538749c0795378a026a78e3e080082c13416eca1158e9bf4fd70cd7b11e491,'ADMIN','ACTIVE','capscqr');
INSERT INTO capsdata.administrator(admin_id,email,first_Name,last_Name,password_Hash,role,user_Status,username) VALUES (default,'admin@sa54team4.com','Kaung','Hein',0x8332b664bb8144d24acb7691e6988d6f1ac2af69852e018363ac39fc2a58492e,'ADMIN','ACTIVE','capskh');
INSERT INTO capsdata.administrator(admin_id,email,first_Name,last_Name,password_Hash,role,user_Status,username) VALUES (default,'admin@sa54team4.com','Bao Jin','Lee',0x90f8d3423a4c4d6d7548a5e012012333d29dc9aa1edc831b0ee845216bb42f12,'ADMIN','ACTIVE','capslbj');
INSERT INTO capsdata.administrator(admin_id,email,first_Name,last_Name,password_Hash,role,user_Status,username) VALUES (default,'admin@sa54team4.com','Xin Yi','Tay',0xaf3e03fb9000345bbc8f01baec566de307164766a47da30fb681af361467f11b,'ADMIN','ACTIVE','capstxy');
INSERT INTO capsdata.administrator(admin_id,email,first_Name,last_Name,password_Hash,role,user_Status,username) VALUES (default,'admin@sa54team4.com','Sher Wei','Png',0x80bf3668e891ee7a2c9e0a11cc4ee1d1011c50269945cf9ad9ae855f49d05d30,'ADMIN','ACTIVE','capspsw');

INSERT INTO capsdata.lecturer(lecturer_Id,email,first_Name,last_Name,password_Hash,role,user_Status,username) VALUES (default,'capscp@sa54team4.com','Chandrasekaran','Paramasivam',0x2690b93be68adc20eefd732cb98560cf70ce60068c358e0d00c245359d98564e,'LECTURER','ACTIVE','chandra');
INSERT INTO capsdata.lecturer(lecturer_Id,email,first_Name,last_Name,password_Hash,role,user_Status,username) VALUES (default,'capscyk@sa54team4.com','Yuen Kwan','Chia',0x18583f8b78380525bf44d7c92bebd34a28242b250a66d1a14c936d947a5b7685,'LECTURER','ACTIVE','yuenkwan');
INSERT INTO capsdata.lecturer(lecturer_Id,email,first_Name,last_Name,password_Hash,role,user_Status,username) VALUES (default,'capsdn@sa54team4.com','Darryl','Ng',0xa1679fec857035b45623443d699368b9f4e9c91c6e95cf1cfb0056441b88bcf5,'LECTURER','ACTIVE','darrylng');
INSERT INTO capsdata.lecturer(lecturer_Id,email,first_Name,last_Name,password_Hash,role,user_Status,username) VALUES (default,'capset@sa54team4.com','Esther','Tan',0x0aa1fb749781f703ff67b0826d8faa360f2d672d4601dbde3c1077a026616c10,'LECTURER','ACTIVE','esthertan');
INSERT INTO capsdata.lecturer(lecturer_Id,email,first_Name,last_Name,password_Hash,role,user_Status,username) VALUES (default,'capshbk@sa54team4.com','Boon Kui','Heng',0x794e7068d9921043635e673b9d1777c5e84e959b0f70be4db4e4364f0cafe8b0,'LECTURER','ACTIVE','boonkui');
INSERT INTO capsdata.lecturer(lecturer_Id,email,first_Name,last_Name,password_Hash,role,user_Status,username) VALUES (default,'capspk@sa54team4.com','Kenneth','Phang',0x1d85ea28f6686828ad57ce366da97810cdfec1659e13fa2e03f26cbd9ea44654,'LECTURER','ACTIVE','kennethphang');
INSERT INTO capsdata.lecturer(lecturer_Id,email,first_Name,last_Name,password_Hash,role,user_Status,username) VALUES (default,'capslcm@sa54team4.com','Chuk Mun','Lee',0x3cb9f39c2ce7c94afc67194513d1d8ea8f14dfd4514ee7bd0deefeb841f95145,'LECTURER','ACTIVE','chukmun');
INSERT INTO capsdata.lecturer(lecturer_Id,email,first_Name,last_Name,password_Hash,role,user_Status,username) VALUES (default,'capslmk@sa54team4.com','Mun Kew','Leong',0x55c9386fc6b3b5b9dc71e9fc1a7d0126ebaaa5cf655a509aebe36ab332f29781,'LECTURER','ACTIVE','munkew');
INSERT INTO capsdata.lecturer(lecturer_Id,email,first_Name,last_Name,password_Hash,role,user_Status,username) VALUES (default,'capslf@sa54team4.com','Fan','Liu',0xc168cc75783a40292dcb9d80f42c52beaf87fd751bc6d95adb8b2d31cb32403c,'LECTURER','ACTIVE','fanliu');
INSERT INTO capsdata.lecturer(lecturer_Id,email,first_Name,last_Name,password_Hash,role,user_Status,username) VALUES (default,'capsntt@sa54team4.com','Tri Tin','Nguyen',0xbe2e66862fac37bb116a1601e2250f07147679104ebab8a4ca4f72a3eda5b450,'LECTURER','ACTIVE','tritin');
INSERT INTO capsdata.lecturer(lecturer_Id,email,first_Name,last_Name,password_Hash,role,user_Status,username) VALUES (default,'capsasp@sa54team4.com','Suriya Priya','Asaithambi',0xed4d41892a7690463f5fb73374c94f35d31da8919814ad69810a4420497dfe63,'LECTURER','ACTIVE','suriyapriya');
INSERT INTO capsdata.lecturer(lecturer_Id,email,first_Name,last_Name,password_Hash,role,user_Status,username) VALUES (default,'capstcw@sa54team4.com','Cher Wah','Tan',0xdf502f250e79c61b3eabdeded1d9c25ac6d7ba7ecf77ccccc81e9a3f6c2f8cd8,'LECTURER','ACTIVE','cherwah');
INSERT INTO capsdata.lecturer(lecturer_Id,email,first_Name,last_Name,password_Hash,role,user_Status,username) VALUES (default,'capsrv@sa54team4.com','Venkat','Ramanathan',0x695692b64842be0f1e36fddf28af7bb7928c2587869b8e9c37b47a78b0f7d4f2,'LECTURER','ACTIVE','venkatramanathan');

INSERT INTO capsdata.student(student_Id,email,first_Name,last_Name,password_Hash,role,user_Status,username,enrolled_date) VALUES (default,'abednad4@gmail.com','Abed','Nadir',0xca691d4c2f1d5b4a4902edb44ecf52a86e7109b4744b3e90723bd4c1c7dd1a17,'STUDENT','ACTIVE','abed','2021-08-01 00:00:00');
INSERT INTO capsdata.student(student_Id,email,first_Name,last_Name,password_Hash,role,user_Status,username,enrolled_date) VALUES (default,'troybarn4@gmail.com','Troy','Barnes',0x1c623a58758c2cbb9ac093e6718e30c5b9492055e8ebb6fcf09c25fe18657e0b,'STUDENT','ACTIVE','troy','2021-08-01 00:00:00');
INSERT INTO capsdata.student(student_Id,email,first_Name,last_Name,password_Hash,role,user_Status,username,enrolled_date) VALUES (default,'student@sa54team4.com','Yasir','Keefe',0x785c0dbb3fa26eddcdf1f427a04a27086e38bad3cf06336a94793645b74073bb,'STUDENT','ACTIVE','yasir','2021-08-01 00:00:00');
INSERT INTO capsdata.student(student_Id,email,first_Name,last_Name,password_Hash,role,user_Status,username,enrolled_date) VALUES (default,'student@sa54team4.com','Pratap','Wang',0x479c6398324c594a8ab85112c3ebdcc3acfccc9dbb00e7bef511f4051ba4e81e,'STUDENT','ACTIVE','pratap','2021-08-01 00:00:00');
INSERT INTO capsdata.student(student_Id,email,first_Name,last_Name,password_Hash,role,user_Status,username,enrolled_date) VALUES (default,'student@sa54team4.com','Fang','Zhu',0x76766f652d1c6ca1d750d5f30a93e87c00f279b0b7e5d26821e73daa6b2632f6,'STUDENT','ACTIVE','fang','2022-02-01 00:00:00');
INSERT INTO capsdata.student(student_Id,email,first_Name,last_Name,password_Hash,role,user_Status,username,enrolled_date) VALUES (default,'student@sa54team4.com','Rajani','Guo',0xfb1de055cbad2284f41fc8eb24d6a948077364719ff99c4f6604217e15cc6a9b,'STUDENT','ACTIVE','rajani','2022-02-01 00:00:00');
INSERT INTO capsdata.student(student_Id,email,first_Name,last_Name,password_Hash,role,user_Status,username,enrolled_date) VALUES (default,'student@sa54team4.com','Manu','Ren',0x70fbe4d7b821e85888a3c07b47bf34a71a4a91c6576cad41b6b06cdf7d85a01c,'STUDENT','ACTIVE','manu','2022-02-01 00:00:00');
INSERT INTO capsdata.student(student_Id,email,first_Name,last_Name,password_Hash,role,user_Status,username,enrolled_date) VALUES (default,'student@sa54team4.com','Ling','Lu',0x453b3e5337b6bb4b089208a90dab7f20508842f046f2aed013027a3b2af3b064,'STUDENT','ACTIVE','ling','2022-02-01 00:00:00');
INSERT INTO capsdata.student(student_Id,email,first_Name,last_Name,password_Hash,role,user_Status,username,enrolled_date) VALUES (default,'student@sa54team4.com','Nilam','Tang',0x1f0d18d782dcb42544d8a853d4b4dd37f2d9e92d723b2c7ccabe4b9e203cfd95,'STUDENT','ACTIVE','nilam','2022-06-01 00:00:00');
INSERT INTO capsdata.student(student_Id,email,first_Name,last_Name,password_Hash,role,user_Status,username,enrolled_date) VALUES (default,'student@sa54team4.com','Aishah','Cheng',0x06c10ff9e947f4a52beb211da5d33713187d787773913fa859e82d91ab739a14,'STUDENT','ACTIVE','aishah','2022-06-01 00:00:00');
INSERT INTO capsdata.student(student_Id,email,first_Name,last_Name,password_Hash,role,user_Status,username,enrolled_date) VALUES (default,'student@sa54team4.com','Jasvinder','Begum',0xfbdfd3c6d184187cc0d68cb59a62e9af3dbfeae1a58908d74f9f6916eea969d4,'STUDENT','ACTIVE','jasvinder','2022-06-01 00:00:00');
INSERT INTO capsdata.student(student_Id,email,first_Name,last_Name,password_Hash,role,user_Status,username,enrolled_date) VALUES (default,'student@sa54team4.com','Mina','Tse',0x105beac20ec9af15e357d59b61129f1ba09b1f8a0481094bd2ceabdc8edc7c63,'STUDENT','ACTIVE','mina','2022-06-01 00:00:00');
INSERT INTO capsdata.student(student_Id,email,first_Name,last_Name,password_Hash,role,user_Status,username,enrolled_date) VALUES (default,'student@sa54team4.com','Padma','Singh',0xb85cd00abebcc08f81b3ef9240f826932d0600d97090a6c9b33b3454ac9050c9,'STUDENT','ACTIVE','padma','2022-06-01 00:00:00');

INSERT INTO capsdata.course(course_code,course_capacity,course_credits,course_description,course_status,course_title) VALUES ('SA4001',20,8,'Use HTML5, CSS3, Flexbox, Grid & SASS to build website content and add stunning styling and decoration. Use Javascript, jQuery & jQuery User Interface to create Interactive Websites and Games.','OPEN','The Complete Web Development Course -  Build 15 Projects');
INSERT INTO capsdata.course(course_code,course_capacity,course_credits,course_description,course_status,course_title) VALUES ('SA4002',20,8,'Students will be able to learn all the essential functions of PHP & MySQL and their proper usage. Students will be able to make any kind of modern multi vendors e-commerce store in php&mysqli with the assistance of Bootstrap 3.','OPEN','Modern E-Commerce Store In php & mysqli With Bootstrap');
INSERT INTO capsdata.course(course_code,course_capacity,course_credits,course_description,course_status,course_title) VALUES ('SA4003',20,8,'To learn every skill needed as a professional web developer/designer. To create real life projects for your portfolio. To become a professional web developer.','OPEN','Become a Professional Web Developer - Version 3.0');
INSERT INTO capsdata.course(course_code,course_capacity,course_credits,course_description,course_status,course_title) VALUES ('SA4004',20,6,'Learn how to build both "fast-twitch" and "minimally invasive" income streams manage clients more efficiently and make more money per project merge.','OPEN','Code & Grow Rich:  Earn More As An Entrepreneur Or Developer');
INSERT INTO capsdata.course(course_code,course_capacity,course_credits,course_description,course_status,course_title) VALUES ('SA4005',5,6,'Learn the fundamentals of coding! Create beautiful interactive websites from scratch using the framework of your choice! Become an expert using HTML, CSS, Wordpress, Bootstrap, PHP, AJAX, jQuery, and So Much More!','OPEN','The Complete Web Developer Masterclass: Beginner To Advanced');
INSERT INTO capsdata.course(course_code,course_capacity,course_credits,course_description,course_status,course_title) VALUES ('SA4006',15,6,'Learn to create websites using a wysiwyg HTML editor. Learn Basic HTML & CSS. Learn how to develop using PHP and MySQL. Advanced web development languages including JavaScript, jQuery and XML. Learn essentials for AngularJS.','OPEN','Become a Kick-Ass Web Developer: From Newbie to Pro');
INSERT INTO capsdata.course(course_code,course_capacity,course_credits,course_description,course_status,course_title) VALUES ('SA4007',15,6,'Learn the Python Programming Language. Learn the Django & Twitter Bootstrap frameworks. Learn how to use APIs. Learn how to accept payments via Stripe. Learn Basic HTML & CSS.','OPEN','Coding for Entrepreneurs: Learn Python, Django, and More.');
INSERT INTO capsdata.course(course_code,course_capacity,course_credits,course_description,course_status,course_title) VALUES ('SA4008',10,6,'To learn HTML, HTML 5, CSS, CSS3, C++, C#, jQuery, Game Salad, Stencyl. To learn great development techniques. Learn how to make apps in Xcode. Learn how to make games in Construct 2. Learn adobe illustrator.','OPEN','Back to School Web Development and Programming Bundle');
INSERT INTO capsdata.course(course_code,course_capacity,course_credits,course_description,course_status,course_title) VALUES ('SA4009',10,6,'Build sites based on latest and new tips trick with CSS. Complete understanding of the particular topic i will cover on this course. Able to use CSS libraries and plugins fluently. Able to use request a new videos on particular topic in CSS.','OPEN','CSSCasts; CSS libraries Plugins Tips & Tricks for Developers');
INSERT INTO capsdata.course(course_code,course_capacity,course_credits,course_description,course_status,course_title) VALUES ('SA4010',10,6,'The ins and outs of HTML5, CSS3, and Modern JavaScript for 2021. Make REAL web applications using cutting-edge technologies. Create responsive, accessible, and beautiful layouts. Recognize and prevent common security exploits like SQL-Injection & XSS.','OPEN','The Web Developer Bootcamp');
INSERT INTO capsdata.course(course_code,course_capacity,course_credits,course_description,course_status,course_title) VALUES ('SA4011',10,6,'After Completing this Course , you will have pretty good knowledge about HTML , CSS , Javascript , Jquery , Ajax, Bootstrap, PHP, MYSQL , Wordpress. You will Learn How to Create Multiuser Server Based Photogallery Site.','OPEN','The Most Comprehensive Web Development Course');
INSERT INTO capsdata.course(course_code,course_capacity,course_credits,course_description,course_status,course_title) VALUES ('SA4012',5,4,'Implement advanced JavaScript components, such as persistent drag and drop functionality and live page update via ActionCable into a Rails application. Deploying a Rails application along with the ActionCable web socket feature to Heroku.','OPEN','Dissecting Ruby on Rails 5 - Become a Professional Developer');
INSERT INTO capsdata.course(course_code,course_capacity,course_credits,course_description,course_status,course_title) VALUES ('SA4013',5,4,'Learn core concepts of both the front end and backend programming course. Get familiar with the latest web developer technologies and ecosystems. Learn all about sql and nosql databses. Learn complete web development process.','OPEN','The Full Stack Web Development');

INSERT INTO capsdata.course_student(course_student_id,course_student_status,grade,score,course_course_code,student_student_id) VALUES (default,'COMPLETED','A',95,'SA4001',1);
INSERT INTO capsdata.course_student(course_student_id,course_student_status,grade,score,course_course_code,student_student_id) VALUES (default,'COMPLETED','B',83,'SA4001',2);
INSERT INTO capsdata.course_student(course_student_id,course_student_status,grade,score,course_course_code,student_student_id) VALUES (default,'COMPLETED','C',77,'SA4001',3);
INSERT INTO capsdata.course_student(course_student_id,course_student_status,grade,score,course_course_code,student_student_id) VALUES (default,'COMPLETED','D',66,'SA4001',4);
INSERT INTO capsdata.course_student(course_student_id,course_student_status,grade,score,course_course_code,student_student_id) VALUES (default,'COMPLETED','A',90,'SA4001',5);
INSERT INTO capsdata.course_student(course_student_id,course_student_status,grade,score,course_course_code,student_student_id) VALUES (default,'COMPLETED','A',91,'SA4002',1);
INSERT INTO capsdata.course_student(course_student_id,course_student_status,grade,score,course_course_code,student_student_id) VALUES (default,'COMPLETED','B',85,'SA4002',2);
INSERT INTO capsdata.course_student(course_student_id,course_student_status,grade,score,course_course_code,student_student_id) VALUES (default,'COMPLETED','B',87,'SA4002',3);
INSERT INTO capsdata.course_student(course_student_id,course_student_status,grade,score,course_course_code,student_student_id) VALUES (default,'COMPLETED','A',94,'SA4002',4);
INSERT INTO capsdata.course_student(course_student_id,course_student_status,grade,score,course_course_code,student_student_id) VALUES (default,'COMPLETED','F',45,'SA4002',5);
INSERT INTO capsdata.course_student(course_student_id,course_student_status,grade,score,course_course_code,student_student_id) VALUES (default,'COMPLETED','A',92,'SA4003',6);
INSERT INTO capsdata.course_student(course_student_id,course_student_status,grade,score,course_course_code,student_student_id) VALUES (default,'FAILED','B',86,'SA4003',7);
INSERT INTO capsdata.course_student(course_student_id,course_student_status,grade,score,course_course_code,student_student_id) VALUES (default,'COMPLETED','C',72,'SA4003',8);
INSERT INTO capsdata.course_student(course_student_id,course_student_status,grade,score,course_course_code,student_student_id) VALUES (default,'COMPLETED','D',61,'SA4003',9);
INSERT INTO capsdata.course_student(course_student_id,course_student_status,grade,score,course_course_code,student_student_id) VALUES (default,'COMPLETED','B',88,'SA4003',10);
INSERT INTO capsdata.course_student(course_student_id,course_student_status,grade,score,course_course_code,student_student_id) VALUES (default,'COMPLETED','A',90,'SA4004',6);
INSERT INTO capsdata.course_student(course_student_id,course_student_status,grade,score,course_course_code,student_student_id) VALUES (default,'COMPLETED','B',89,'SA4004',7);
INSERT INTO capsdata.course_student(course_student_id,course_student_status,grade,score,course_course_code,student_student_id) VALUES (default,'COMPLETED','B',81,'SA4004',8);
INSERT INTO capsdata.course_student(course_student_id,course_student_status,grade,score,course_course_code,student_student_id) VALUES (default,'COMPLETED','A',98,'SA4004',9);
INSERT INTO capsdata.course_student(course_student_id,course_student_status,grade,score,course_course_code,student_student_id) VALUES (default,'FAILED','F',35,'SA4004',10);
INSERT INTO capsdata.course_student(course_student_id,course_student_status,grade,score,course_course_code,student_student_id) VALUES (default,'ENROLLED',NULL,NULL,'SA4005',11);
INSERT INTO capsdata.course_student(course_student_id,course_student_status,grade,score,course_course_code,student_student_id) VALUES (default,'ENROLLED',NULL,NULL,'SA4005',12);
INSERT INTO capsdata.course_student(course_student_id,course_student_status,grade,score,course_course_code,student_student_id) VALUES (default,'ENROLLED',NULL,NULL,'SA4005',13);
INSERT INTO capsdata.course_student(course_student_id,course_student_status,grade,score,course_course_code,student_student_id) VALUES (default,'ENROLLED',NULL,NULL,'SA4006',11);
INSERT INTO capsdata.course_student(course_student_id,course_student_status,grade,score,course_course_code,student_student_id) VALUES (default,'ENROLLED',NULL,NULL,'SA4006',12);
INSERT INTO capsdata.course_student(course_student_id,course_student_status,grade,score,course_course_code,student_student_id) VALUES (default,'ENROLLED',NULL,NULL,'SA4006',13);
INSERT INTO capsdata.course_student(course_student_id,course_student_status,grade,score,course_course_code,student_student_id) VALUES (default,'ENROLLED',NULL,NULL,'SA4005',2);
INSERT INTO capsdata.course_student(course_student_id,course_student_status,grade,score,course_course_code,student_student_id) VALUES (default,'ENROLLED',NULL,NULL,'SA4004',1);
INSERT INTO capsdata.course_student(course_student_id,course_student_status,grade,score,course_course_code,student_student_id) VALUES (default,'ENROLLED',NULL,NULL,'SA4003',4);
INSERT INTO capsdata.course_student(course_student_id,course_student_status,grade,score,course_course_code,student_student_id) VALUES (default,'ENROLLED','B',83,'SA4005',9);

INSERT INTO capsdata.course_lecturer(teach_courses_course_code,course_lecturers_lecturer_id) VALUES ('SA4001',1);
INSERT INTO capsdata.course_lecturer(teach_courses_course_code,course_lecturers_lecturer_id) VALUES ('SA4001',2);
INSERT INTO capsdata.course_lecturer(teach_courses_course_code,course_lecturers_lecturer_id) VALUES ('SA4002',3);
INSERT INTO capsdata.course_lecturer(teach_courses_course_code,course_lecturers_lecturer_id) VALUES ('SA4002',4);
INSERT INTO capsdata.course_lecturer(teach_courses_course_code,course_lecturers_lecturer_id) VALUES ('SA4002',5);
INSERT INTO capsdata.course_lecturer(teach_courses_course_code,course_lecturers_lecturer_id) VALUES ('SA4003',6);
INSERT INTO capsdata.course_lecturer(teach_courses_course_code,course_lecturers_lecturer_id) VALUES ('SA4003',7);
INSERT INTO capsdata.course_lecturer(teach_courses_course_code,course_lecturers_lecturer_id) VALUES ('SA4004',8);
INSERT INTO capsdata.course_lecturer(teach_courses_course_code,course_lecturers_lecturer_id) VALUES ('SA4004',9);
INSERT INTO capsdata.course_lecturer(teach_courses_course_code,course_lecturers_lecturer_id) VALUES ('SA4004',10);
INSERT INTO capsdata.course_lecturer(teach_courses_course_code,course_lecturers_lecturer_id) VALUES ('SA4005',11);
INSERT INTO capsdata.course_lecturer(teach_courses_course_code,course_lecturers_lecturer_id) VALUES ('SA4005',12);
INSERT INTO capsdata.course_lecturer(teach_courses_course_code,course_lecturers_lecturer_id) VALUES ('SA4006',13);
INSERT INTO capsdata.course_lecturer(teach_courses_course_code,course_lecturers_lecturer_id) VALUES ('SA4007',1);
INSERT INTO capsdata.course_lecturer(teach_courses_course_code,course_lecturers_lecturer_id) VALUES ('SA4008',2);
INSERT INTO capsdata.course_lecturer(teach_courses_course_code,course_lecturers_lecturer_id) VALUES ('SA4008',3);
INSERT INTO capsdata.course_lecturer(teach_courses_course_code,course_lecturers_lecturer_id) VALUES ('SA4009',4);
INSERT INTO capsdata.course_lecturer(teach_courses_course_code,course_lecturers_lecturer_id) VALUES ('SA4009',5);
INSERT INTO capsdata.course_lecturer(teach_courses_course_code,course_lecturers_lecturer_id) VALUES ('SA4009',6);
INSERT INTO capsdata.course_lecturer(teach_courses_course_code,course_lecturers_lecturer_id) VALUES ('SA4010',7);
INSERT INTO capsdata.course_lecturer(teach_courses_course_code,course_lecturers_lecturer_id) VALUES ('SA4010',8);
INSERT INTO capsdata.course_lecturer(teach_courses_course_code,course_lecturers_lecturer_id) VALUES ('SA4011',9);
INSERT INTO capsdata.course_lecturer(teach_courses_course_code,course_lecturers_lecturer_id) VALUES ('SA4011',10);
INSERT INTO capsdata.course_lecturer(teach_courses_course_code,course_lecturers_lecturer_id) VALUES ('SA4011',11);
INSERT INTO capsdata.course_lecturer(teach_courses_course_code,course_lecturers_lecturer_id) VALUES ('SA4012',12);
INSERT INTO capsdata.course_lecturer(teach_courses_course_code,course_lecturers_lecturer_id) VALUES ('SA4013',13);

